-- H2는 Bcrypt 방식의 암호화를 지원하지 않기 때문에 외부 라이브러리를 사용.
CREATE ALIAS IF NOT EXISTS BCryptHash FOR "org.mindrot.jbcrypt.BCrypt.hashpw";
CREATE ALIAS IF NOT EXISTS BCryptGenSalt FOR "org.mindrot.jbcrypt.BCrypt.gensalt";

INSERT INTO ADMIN_CREDENTIALS (LOGIN_ID, PASSWORD) VALUES
    ('admin', BCryptHash('admin1234', BCryptGenSalt()));

INSERT INTO MENU (MENU_ID, MENU_NAME, MENU_TYPE, MENU_STATE) VALUES
    (1, '기본 메뉴', 'DEFAULT', 'AVAILABLE');

INSERT INTO MENU_ITEM (MENU_ITEM_ID, MENU_ITEM_NAME, PRICE, MENU_ITEM_STATE, MENU_ID) VALUES
    (1, 'SWEET STEAK', 10000, 'AVAILABLE', 1),
    (2, 'SIZE UP', 15000, 'AVAILABLE', 1),
    (3, 'FRIED RICE', 2000, 'AVAILABLE', 1);

-- 주문 데이터 1(지나간 주문)
INSERT INTO ORDERS (ORDER_NO, TOTAL_AMOUNT, ORDER_STATE, ORDER_DATE, WAITING_NO) VALUES
    ('20250305122230234-111111', 20000, 'ORDER_COMPLETE', '2025-03-05T13:20:25.123432', 1);
INSERT INTO ORDER_ITEM (ORDER_ITEM_NAME, PRICE, QUANTITY, AMOUNT, ORDER_NO, MENU_ITEM_ID) VALUES
    ('SWEET STEAK', 10000, 2, 20000, '20250305122230234-111111', 1);
INSERT INTO PAYMENT (PAYMENT_KEY, AMOUNT, PAYMENT_STATE, ORDER_NO) VALUES
    ('1a1a1a1a1a1a1a', 20000, 'APPROVAL_SUCCEEDED', '20250305122230234-111111');

-- 주문 데이터 2(지나간 주문)
INSERT INTO ORDERS (ORDER_NO, TOTAL_AMOUNT, ORDER_STATE, ORDER_DATE, WAITING_NO) VALUES
    ('20240306122230234-111112', 40000, 'ORDER_COMPLETE', '2025-03-06T12:22:30.234323', 1);
INSERT INTO ORDER_ITEM (ORDER_ITEM_NAME, PRICE, QUANTITY, AMOUNT, ORDER_NO, MENU_ITEM_ID) VALUES
    ('SWEET STEAK', 10000, 1, 10000, '20240306122230234-111112', 1),
    ('SIZE UP', 15000, 2, 30000, '20240306122230234-111112', 2);
INSERT INTO PAYMENT (PAYMENT_KEY, AMOUNT, PAYMENT_STATE, ORDER_NO) VALUES
    ('1b1b1b1b1b1b1b', 40000, 'APPROVAL_SUCCEEDED', '20240306122230234-111112');

-- 주문 데이터 3
INSERT INTO ORDERS (ORDER_NO, TOTAL_AMOUNT, ORDER_STATE, ORDER_DATE, WAITING_NO) VALUES
    ('20250312122230234-111113', 20000, 'ORDER_COMPLETE', '2025-03-12T12:22:25.123432', 1);
INSERT INTO ORDER_ITEM (ORDER_ITEM_NAME, PRICE, QUANTITY, AMOUNT, ORDER_NO, MENU_ITEM_ID) VALUES
    ('SWEET STEAK', 10000, 2, 20000, '20250312122230234-111113', 1);
INSERT INTO PAYMENT (PAYMENT_KEY, AMOUNT, PAYMENT_STATE, ORDER_NO) VALUES
    ('1c1c1c1c1c1c1c', 20000, 'APPROVAL_SUCCEEDED', '20250312122230234-111113');

-- 주문 데이터 4
INSERT INTO ORDERS (ORDER_NO, TOTAL_AMOUNT, ORDER_STATE, ORDER_DATE, WAITING_NO) VALUES
    ('20250312122330234-111114', 29000, 'ORDER_COMPLETE', '2025-03-12T12:23:25.123332', 2);
INSERT INTO ORDER_ITEM (ORDER_ITEM_NAME, PRICE, QUANTITY, AMOUNT, ORDER_NO, MENU_ITEM_ID) VALUES
    ('SWEET STEAK', 10000, 1, 10000, '20250312122330234-111114', 1),
    ('SIZE UP', 15000, 1, 15000, '20250312122330234-111114', 2),
    ('FRIED RICE', 2000, 2, 4000, '20250312122330234-111114', 3);
INSERT INTO PAYMENT (PAYMENT_KEY, AMOUNT, PAYMENT_STATE, ORDER_NO) VALUES
    ('1d1d1d1d1d1d1d', 29000, 'APPROVAL_SUCCEEDED', '20250312122330234-111114');

-- 주문 데이터 5
INSERT INTO ORDERS (ORDER_NO, TOTAL_AMOUNT, ORDER_STATE, ORDER_DATE, WAITING_NO) VALUES
    ('20250312122525123-111115', 27000, 'ORDER_COMPLETE', '2025-03-12T12:25:27.123332', 3);
INSERT INTO ORDER_ITEM (ORDER_ITEM_NAME, PRICE, QUANTITY, AMOUNT, ORDER_NO, MENU_ITEM_ID) VALUES
    ('SWEET STEAK', 10000, 1, 10000, '20250312122525123-111115', 1),
    ('SIZE UP', 15000, 1, 15000, '20250312122525123-111115', 2),
    ('FRIED RICE', 2000, 1, 2000, '20250312122525123-111115', 3);
INSERT INTO PAYMENT (PAYMENT_KEY, AMOUNT, PAYMENT_STATE, ORDER_NO) VALUES
    ('1h1h1h1h1h1h1h', 27000, 'APPROVAL_SUCCEEDED', '20250312122525123-111115');

-- 주문 데이터 6
INSERT INTO ORDERS (ORDER_NO, TOTAL_AMOUNT, ORDER_STATE, ORDER_DATE, WAITING_NO) VALUES
    ('20250312132525123-111116', 10000, 'ORDER_RECEIVED', '2025-03-12T13:25:25.123332', 4);
INSERT INTO ORDER_ITEM (ORDER_ITEM_NAME, PRICE, QUANTITY, AMOUNT, ORDER_NO, MENU_ITEM_ID) VALUES
    ('SWEET STEAK', 10000, 1, 10000, '20250312132525123-111116', 1);
INSERT INTO PAYMENT (PAYMENT_KEY, AMOUNT, PAYMENT_STATE, ORDER_NO) VALUES
    ('1h1h1h1h1h1h11', 10000, 'APPROVAL_SUCCEEDED', '20250312132525123-111116');

-- 주문 데이터 7
INSERT INTO ORDERS (ORDER_NO, TOTAL_AMOUNT, ORDER_STATE, ORDER_DATE, WAITING_NO) VALUES
    ('20250312142525123-111117', 29000, 'ORDER_RECEIVED', '2025-03-15T14:25:25.123332', 5);
INSERT INTO ORDER_ITEM (ORDER_ITEM_NAME, PRICE, QUANTITY, AMOUNT, ORDER_NO, MENU_ITEM_ID) VALUES
    ('SWEET STEAK', 10000, 1, 10000, '20250312142525123-111117', 1),
    ('SIZE UP', 15000, 1, 15000, '20250312142525123-111117', 2),
    ('FRIED RICE', 2000, 2, 4000, '20250312142525123-111117', 3);
INSERT INTO PAYMENT (PAYMENT_KEY, AMOUNT, PAYMENT_STATE, ORDER_NO) VALUES
    ('1g1g1g1g1g1g1g', 29000, 'APPROVAL_SUCCEEDED', '20250312142525123-111117');

-- 주문 데이터 8
INSERT INTO ORDERS (ORDER_NO, TOTAL_AMOUNT, ORDER_STATE, ORDER_DATE, WAITING_NO) VALUES
    ('20250312143525123-111118', 12000, 'ORDER_RECEIVED', '2025-03-15T14:35:25.123332', 6);
INSERT INTO ORDER_ITEM (ORDER_ITEM_NAME, PRICE, QUANTITY, AMOUNT, ORDER_NO, MENU_ITEM_ID) VALUES
    ('SWEET STEAK', 10000, 1, 10000, '20250312143525123-111118', 1),
    ('FRIED RICE', 2000, 1, 2000, '20250312143525123-111118', 3);
INSERT INTO PAYMENT (PAYMENT_KEY, AMOUNT, PAYMENT_STATE, ORDER_NO) VALUES
    ('1g1g1g1g1g1g11', 12000, 'APPROVAL_SUCCEEDED', '20250312143525123-111118');